Workbook

Sheet HGSS
B2: HeartGold & SoulSilver Versions | J2: - | K2: Tutorable Moves (Pokémon Compatibility)
D5: ID (National Dex #): | E5: 1 | I5: waza_oshie.bin
D6: =VLOOKUP(E5,Lookups!A:B,2,0) -> Bulbasaur | H6: Offset: | I6: =(DEC2HEX((E5-1)*8)) -> 0 | L6: Hex: | M6: =IF(LEN(BIN2HEX(SUBSTITUTE(SUBSTITUTE(E16&E15&E14&E13&E12&E11&E10&E9,"N",0),"Y",1)))=1,"0"&BIN2HEX(SUBSTITUTE(SUBSTITUTE(E16&E15&E14&E13&E12&E11&E10&E9,"N",0),"Y",1)),BIN2HEX(SUBSTITUTE(SUBSTITUTE(E16&E15&E14&E13&E12&E11&E10&E9,"N",0),"Y",1)))&" "&IF(LEN(BIN2HEX(SUBSTITUTE(SUBSTITUTE(E24&E23&E22&E21&E20&E19&E18&E17,"N",0),"Y",1)))=1,"0"&BIN2HEX(SUBSTITUTE(SUBSTITUTE(E24&E23&E22&E21&E20&E19&E18&E17,"N",0),"Y",1)),BIN2HEX(SUBSTITUTE(SUBSTITUTE(E24&E23&E22&E21&E20&E19&E18&E17,"N",0),"Y",1)))&" "&IF(LEN(BIN2HEX(SUBSTITUTE(SUBSTITUTE(I16&I15&I14&I13&I12&I11&I10&I9,"N",0),"Y",1)))=1,"0"&BIN2HEX(SUBSTITUTE(SUBSTITUTE(I16&I15&I14&I13&I12&I11&I10&I9,"N",0),"Y",1)),BIN2HEX(SUBSTITUTE(SUBSTITUTE(I16&I15&I14&I13&I12&I11&I10&I9,"N",0),"Y",1)))&" "&IF(LEN(BIN2HEX(SUBSTITUTE(SUBSTITUTE(I24&I23&I22&I21&I20&I19&I18&I17,"N",0),"Y",1)))=1,"0"&BIN2HEX(SUBSTITUTE(SUBSTITUTE(I24&I23&I22&I21&I20&I19&I18&I17,"N",0),"Y",1)),BIN2HEX(SUBSTITUTE(SUBSTITUTE(I24&I23&I22&I21&I20&I19&I18&I17,"N",0),"Y",1)))&" "&IF(LEN(BIN2HEX(SUBSTITUTE(SUBSTITUTE(M16&M15&M14&M13&M12&M11&M10&M9,"N",0),"Y",1)))=1,"0"&BIN2HEX(SUBSTITUTE(SUBSTITUTE(M16&M15&M14&M13&M12&M11&M10&M9,"N",0),"Y",1)),BIN2HEX(SUBSTITUTE(SUBSTITUTE(M16&M15&M14&M13&M12&M11&M10&M9,"N",0),"Y",1)))&" "&IF(LEN(BIN2HEX(SUBSTITUTE(SUBSTITUTE(M24&M23&M22&M21&M20&M19&M18&M17,"N",0),"Y",1)))=1,"0"&BIN2HEX(SUBSTITUTE(SUBSTITUTE(M24&M23&M22&M21&M20&M19&M18&M17,"N",0),"Y",1)),BIN2HEX(SUBSTITUTE(SUBSTITUTE(M24&M23&M22&M21&M20&M19&M18&M17,"N",0),"Y",1)))&" "&IF(LEN(BIN2HEX(SUBSTITUTE(SUBSTITUTE(Q16&Q15&Q14&Q13&Q12&Q11&Q10&Q9,"N",0),"Y",1)))=1,"0"&BIN2HEX(SUBSTITUTE(SUBSTITUTE(Q16&Q15&Q14&Q13&Q12&Q11&Q10&Q9,"N",0),"Y",1)),BIN2HEX(SUBSTITUTE(SUBSTITUTE(Q16&Q15&Q14&Q13&Q12&Q11&Q10&Q9,"N",0),"Y",1)))&" "&IF(LEN(BIN2HEX(SUBSTITUTE(SUBSTITUTE(Q24&Q23&Q22&Q21&Q20&Q19&Q18&Q17,"N",0),"Y",1)))=1,"0"&BIN2HEX(SUBSTITUTE(SUBSTITUTE(Q24&Q23&Q22&Q21&Q20&Q19&Q18&Q17,"N",0),"Y",1)),BIN2HEX(SUBSTITUTE(SUBSTITUTE(Q24&Q23&Q22&Q21&Q20&Q19&Q18&Q17,"N",0),"Y",1))) -> 00 00 00 00 00 00 00 00
C8: # | D8: Move Name | E8: Y/N | G8: # | H8: Move Name | I8: Y/N | K8: # | L8: Move Name | M8: Y/N | O8: # | P8: Move Name | Q8: Y/N
C9: 1 | D9: =VLOOKUP(C9,$E$31:$H$89,4,0) -> Dive | E9: N | G9: 17 | H9: =VLOOKUP(G9,$E$31:$H$89,4,0) -> Helping Hand | I9: N | K9: 33 | L9: =VLOOKUP(K9,$E$31:$H$89,4,0) -> Trick | M9: N | O9: 49 | P9: =VLOOKUP(O9,$E$31:$H$89,4,0) -> Sky Attack | Q9: N
C10: 2 | D10: =VLOOKUP(C10,$E$31:$H$89,4,0) -> Mud-Slap | E10: N | G10: 18 | H10: =VLOOKUP(G10,$E$31:$H$89,4,0) -> Endeavor | I10: N | K10: 34 | L10: =VLOOKUP(K10,$E$31:$H$89,4,0) -> Heat Wave | M10: N | O10: 50 | P10: =VLOOKUP(O10,$E$31:$H$89,4,0) -> Block | Q10: N
C11: 3 | D11: =VLOOKUP(C11,$E$31:$H$89,4,0) -> Fury Cutter | E11: N | G11: 19 | H11: =VLOOKUP(G11,$E$31:$H$89,4,0) -> Outrage | I11: N | K11: 35 | L11: =VLOOKUP(K11,$E$31:$H$89,4,0) -> Knock Off | M11: N | O11: 51 | P11: =VLOOKUP(O11,$E$31:$H$89,4,0) -> Bug Bite | Q11: N
C12: 4 | D12: =VLOOKUP(C12,$E$31:$H$89,4,0) -> Icy Wind | E12: N | G12: 20 | H12: =VLOOKUP(G12,$E$31:$H$89,4,0) -> AncientPower | I12: N | K12: 36 | L12: =VLOOKUP(K12,$E$31:$H$89,4,0) -> Sucker Punch | M12: N | O12: 52 | P12: =VLOOKUP(O12,$E$31:$H$89,4,0) -> Headbutt | Q12: N
C13: 5 | D13: =VLOOKUP(C13,$E$31:$H$89,4,0) -> Rollout | E13: N | G13: 21 | H13: =VLOOKUP(G13,$E$31:$H$89,4,0) -> Synthesis | I13: N | K13: 37 | L13: =VLOOKUP(K13,$E$31:$H$89,4,0) -> Swift | M13: N | O13: 53 | P13: =VLOOKUP(O13,$E$31:$H$89,4,0) -> Unused | Q13: N
C14: 6 | D14: =VLOOKUP(C14,$E$31:$H$89,4,0) -> ThunderPunch | E14: N | G14: 22 | H14: =VLOOKUP(G14,$E$31:$H$89,4,0) -> Signal Beam | I14: N | K14: 38 | L14: =VLOOKUP(K14,$E$31:$H$89,4,0) -> Uproar | M14: N | O14: 54 | P14: =VLOOKUP(O14,$E$31:$H$89,4,0) -> Unused | Q14: N
C15: 7 | D15: =VLOOKUP(C15,$E$31:$H$89,4,0) -> Fire Punch | E15: N | G15: 23 | H15: =VLOOKUP(G15,$E$31:$H$89,4,0) -> Zen Headbutt | I15: N | K15: 39 | L15: =VLOOKUP(K15,$E$31:$H$89,4,0) -> Super Fang | M15: N | O15: 55 | P15: =VLOOKUP(O15,$E$31:$H$89,4,0) -> Unused | Q15: N
C16: 8 | D16: =VLOOKUP(C16,$E$31:$H$89,4,0) -> Superpower | E16: N | G16: 24 | H16: =VLOOKUP(G16,$E$31:$H$89,4,0) -> Vacuum Wave | I16: N | K16: 40 | L16: =VLOOKUP(K16,$E$31:$H$89,4,0) -> Pain Split | M16: N | O16: 56 | P16: =VLOOKUP(O16,$E$31:$H$89,4,0) -> Unused | Q16: N
C17: 9 | D17: =VLOOKUP(C17,$E$31:$H$89,4,0) -> Ice Punch | E17: N | G17: 25 | H17: =VLOOKUP(G17,$E$31:$H$89,4,0) -> Earth Power | I17: N | K17: 41 | L17: =VLOOKUP(K17,$E$31:$H$89,4,0) -> String Shot | M17: N | O17: 57 | P17: =VLOOKUP(O17,$E$31:$H$89,4,0) -> Unused | Q17: N
C18: 10 | D18: =VLOOKUP(C18,$E$31:$H$89,4,0) -> Iron Head | E18: N | G18: 26 | H18: =VLOOKUP(G18,$E$31:$H$89,4,0) -> Gunk Shot | I18: N | K18: 42 | L18: =VLOOKUP(K18,$E$31:$H$89,4,0) -> Tailwind | M18: N | O18: 58 | P18: =VLOOKUP(O18,$E$31:$H$89,4,0) -> Unused | Q18: N
C19: 11 | D19: =VLOOKUP(C19,$E$31:$H$89,4,0) -> Aqua Tail | E19: N | G19: 27 | H19: =VLOOKUP(G19,$E$31:$H$89,4,0) -> Twister | I19: N | K19: 43 | L19: =VLOOKUP(K19,$E$31:$H$89,4,0) -> Gravity | M19: N
C20: 12 | D20: =VLOOKUP(C20,$E$31:$H$89,4,0) -> Ominous Wind | E20: N | G20: 28 | H20: =VLOOKUP(G20,$E$31:$H$89,4,0) -> Seed Bomb | I20: N | K20: 44 | L20: =VLOOKUP(K20,$E$31:$H$89,4,0) -> Worry Seed | M20: N
C21: 13 | D21: =VLOOKUP(C21,$E$31:$H$89,4,0) -> Gastro Acid | E21: N | G21: 29 | H21: =VLOOKUP(G21,$E$31:$H$89,4,0) -> Iron Defense | I21: N | K21: 45 | L21: =VLOOKUP(K21,$E$31:$H$89,4,0) -> Magic Coat | M21: N
C22: 14 | D22: =VLOOKUP(C22,$E$31:$H$89,4,0) -> Snore | E22: N | G22: 30 | H22: =VLOOKUP(G22,$E$31:$H$89,4,0) -> Magnet Rise | I22: N | K22: 46 | L22: =VLOOKUP(K22,$E$31:$H$89,4,0) -> Role Play | M22: N
C23: 15 | D23: =VLOOKUP(C23,$E$31:$H$89,4,0) -> Spite | E23: N | G23: 31 | H23: =VLOOKUP(G23,$E$31:$H$89,4,0) -> Last Resort | I23: N | K23: 47 | L23: =VLOOKUP(K23,$E$31:$H$89,4,0) -> Heal Bell | M23: N
C24: 16 | D24: =VLOOKUP(C24,$E$31:$H$89,4,0) -> Air Cutter | E24: N | G24: 32 | H24: =VLOOKUP(G24,$E$31:$H$89,4,0) -> Bounce | I24: N | K24: 48 | L24: =VLOOKUP(K24,$E$31:$H$89,4,0) -> Low Kick | M24: N
B27: HeartGold & SoulSilver Versions | J27: - | K27: Tutorable Moves (incl. Costs & Tutor IDs)
L30: overlay_0001.bin
E31: # | F31: Move ID | H31: Move Name | I31: BP Cost | J31: Tutor ID | L31: Offset | M31: Hex
E32: 1 | F32: 291 | H32: =VLOOKUP(F32,Lookups!$D:$E,2,0) -> Dive | I32: 40 | J32: 0 | L32: =DEC2HEX(146144+((E32-1)*4)) -> 23AE0 | M32: =IF(LEN(DEC2HEX(F32))=1,"0"&DEC2HEX(F32)&" 00",IF(LEN(DEC2HEX(F32))=2,DEC2HEX(F32)&" 00",IF(LEN(DEC2HEX(F32))=3,RIGHT(DEC2HEX(F32),2)&" 0"&LEFT(DEC2HEX(F32),1),IF(LEN(DEC2HEX(F32))=4,RIGHT(DEC2HEX(F32),2)&" "&LEFT(DEC2HEX(F32),2),"Error - Move ID too high"))))&" "&IF(LEN(DEC2HEX(I32))=1,"0"&DEC2HEX(I32),DEC2HEX(I32))&" "&IF(LEN(DEC2HEX(J32))=1,"0"&DEC2HEX(J32),DEC2HEX(J32)) -> 23 01 28 00
E33: 2 | F33: 189 | H33: =VLOOKUP(F33,Lookups!$D:$E,2,0) -> Mud-Slap | I33: 32 | J33: 1 | L33: =DEC2HEX(146144+((E33-1)*4)) -> 23AE4 | M33: =IF(LEN(DEC2HEX(F33))=1,"0"&DEC2HEX(F33)&" 00",IF(LEN(DEC2HEX(F33))=2,DEC2HEX(F33)&" 00",IF(LEN(DEC2HEX(F33))=3,RIGHT(DEC2HEX(F33),2)&" 0"&LEFT(DEC2HEX(F33),1),IF(LEN(DEC2HEX(F33))=4,RIGHT(DEC2HEX(F33),2)&" "&LEFT(DEC2HEX(F33),2),"Error - Move ID too high"))))&" "&IF(LEN(DEC2HEX(I33))=1,"0"&DEC2HEX(I33),DEC2HEX(I33))&" "&IF(LEN(DEC2HEX(J33))=1,"0"&DEC2HEX(J33),DEC2HEX(J33)) -> BD 00 20 01
E34: 3 | F34: 210 | H34: =VLOOKUP(F34,Lookups!$D:$E,2,0) -> Fury Cutter | I34: 32 | J34: 0 | L34: =DEC2HEX(146144+((E34-1)*4)) -> 23AE8 | M34: =IF(LEN(DEC2HEX(F34))=1,"0"&DEC2HEX(F34)&" 00",IF(LEN(DEC2HEX(F34))=2,DEC2HEX(F34)&" 00",IF(LEN(DEC2HEX(F34))=3,RIGHT(DEC2HEX(F34),2)&" 0"&LEFT(DEC2HEX(F34),1),IF(LEN(DEC2HEX(F34))=4,RIGHT(DEC2HEX(F34),2)&" "&LEFT(DEC2HEX(F34),2),"Error - Move ID too high"))))&" "&IF(LEN(DEC2HEX(I34))=1,"0"&DEC2HEX(I34),DEC2HEX(I34))&" "&IF(LEN(DEC2HEX(J34))=1,"0"&DEC2HEX(J34),DEC2HEX(J34)) -> D2 00 20 00
E35: 4 | F35: 196 | H35: =VLOOKUP(F35,Lookups!$D:$E,2,0) -> Icy Wind | I35: 48 | J35: 0 | L35: =DEC2HEX(146144+((E35-1)*4)) -> 23AEC | M35: =IF(LEN(DEC2HEX(F35))=1,"0"&DEC2HEX(F35)&" 00",IF(LEN(DEC2HEX(F35))=2,DEC2HEX(F35)&" 00",IF(LEN(DEC2HEX(F35))=3,RIGHT(DEC2HEX(F35),2)&" 0"&LEFT(DEC2HEX(F35),1),IF(LEN(DEC2HEX(F35))=4,RIGHT(DEC2HEX(F35),2)&" "&LEFT(DEC2HEX(F35),2),"Error - Move ID too high"))))&" "&IF(LEN(DEC2HEX(I35))=1,"0"&DEC2HEX(I35),DEC2HEX(I35))&" "&IF(LEN(DEC2HEX(J35))=1,"0"&DEC2HEX(J35),DEC2HEX(J35)) -> C4 00 30 00
E36: 5 | F36: 205 | H36: =VLOOKUP(F36,Lookups!$D:$E,2,0) -> Rollout | I36: 32 | J36: 1 | L36: =DEC2HEX(146144+((E36-1)*4)) -> 23AF0 | M36: =IF(LEN(DEC2HEX(F36))=1,"0"&DEC2HEX(F36)&" 00",IF(LEN(DEC2HEX(F36))=2,DEC2HEX(F36)&" 00",IF(LEN(DEC2HEX(F36))=3,RIGHT(DEC2HEX(F36),2)&" 0"&LEFT(DEC2HEX(F36),1),IF(LEN(DEC2HEX(F36))=4,RIGHT(DEC2HEX(F36),2)&" "&LEFT(DEC2HEX(F36),2),"Error - Move ID too high"))))&" "&IF(LEN(DEC2HEX(I36))=1,"0"&DEC2HEX(I36),DEC2HEX(I36))&" "&IF(LEN(DEC2HEX(J36))=1,"0"&DEC2HEX(J36),DEC2HEX(J36)) -> CD 00 20 01
E37: 6 | F37: 9 | H37: =VLOOKUP(F37,Lookups!$D:$E,2,0) -> ThunderPunch | I37: 64 | J37: 0 | L37: =DEC2HEX(146144+((E37-1)*4)) -> 23AF4 | M37: =IF(LEN(DEC2HEX(F37))=1,"0"&DEC2HEX(F37)&" 00",IF(LEN(DEC2HEX(F37))=2,DEC2HEX(F37)&" 00",IF(LEN(DEC2HEX(F37))=3,RIGHT(DEC2HEX(F37),2)&" 0"&LEFT(DEC2HEX(F37),1),IF(LEN(DEC2HEX(F37))=4,RIGHT(DEC2HEX(F37),2)&" "&LEFT(DEC2HEX(F37),2),"Error - Move ID too high"))))&" "&IF(LEN(DEC2HEX(I37))=1,"0"&DEC2HEX(I37),DEC2HEX(I37))&" "&IF(LEN(DEC2HEX(J37))=1,"0"&DEC2HEX(J37),DEC2HEX(J37)) -> 09 00 40 00
E38: 7 | F38: 7 | H38: =VLOOKUP(F38,Lookups!$D:$E,2,0) -> Fire Punch | I38: 64 | J38: 0 | L38: =DEC2HEX(146144+((E38-1)*4)) -> 23AF8 | M38: =IF(LEN(DEC2HEX(F38))=1,"0"&DEC2HEX(F38)&" 00",IF(LEN(DEC2HEX(F38))=2,DEC2HEX(F38)&" 00",IF(LEN(DEC2HEX(F38))=3,RIGHT(DEC2HEX(F38),2)&" 0"&LEFT(DEC2HEX(F38),1),IF(LEN(DEC2HEX(F38))=4,RIGHT(DEC2HEX(F38),2)&" "&LEFT(DEC2HEX(F38),2),"Error - Move ID too high"))))&" "&IF(LEN(DEC2HEX(I38))=1,"0"&DEC2HEX(I38),DEC2HEX(I38))&" "&IF(LEN(DEC2HEX(J38))=1,"0"&DEC2HEX(J38),DEC2HEX(J38)) -> 07 00 40 00
E39: 8 | F39: 276 | H39: =VLOOKUP(F39,Lookups!$D:$E,2,0) -> Superpower | I39: 48 | J39: 1 | L39: =DEC2HEX(146144+((E39-1)*4)) -> 23AFC | M39: =IF(LEN(DEC2HEX(F39))=1,"0"&DEC2HEX(F39)&" 00",IF(LEN(DEC2HEX(F39))=2,DEC2HEX(F39)&" 00",IF(LEN(DEC2HEX(F39))=3,RIGHT(DEC2HEX(F39),2)&" 0"&LEFT(DEC2HEX(F39),1),IF(LEN(DEC2HEX(F39))=4,RIGHT(DEC2HEX(F39),2)&" "&LEFT(DEC2HEX(F39),2),"Error - Move ID too high"))))&" "&IF(LEN(DEC2HEX(I39))=1,"0"&DEC2HEX(I39),DEC2HEX(I39))&" "&IF(LEN(DEC2HEX(J39))=1,"0"&DEC2HEX(J39),DEC2HEX(J39)) -> 14 01 30 01
E40: 9 | F40: 8 | H40: =VLOOKUP(F40,Lookups!$D:$E,2,0) -> Ice Punch | I40: 64 | J40: 0 | L40: =DEC2HEX(146144+((E40-1)*4)) -> 23B00 | M40: =IF(LEN(DEC2HEX(F40))=1,"0"&DEC2HEX(F40)&" 00",IF(LEN(DEC2HEX(F40))=2,DEC2HEX(F40)&" 00",IF(LEN(DEC2HEX(F40))=3,RIGHT(DEC2HEX(F40),2)&" 0"&LEFT(DEC2HEX(F40),1),IF(LEN(DEC2HEX(F40))=4,RIGHT(DEC2HEX(F40),2)&" "&LEFT(DEC2HEX(F40),2),"Error - Move ID too high"))))&" "&IF(LEN(DEC2HEX(I40))=1,"0"&DEC2HEX(I40),DEC2HEX(I40))&" "&IF(LEN(DEC2HEX(J40))=1,"0"&DEC2HEX(J40),DEC2HEX(J40)) -> 08 00 40 00
E41: 10 | F41: 442 | H41: =VLOOKUP(F41,Lookups!$D:$E,2,0) -> Iron Head | I41: 40 | J41: 1 | L41: =DEC2HEX(146144+((E41-1)*4)) -> 23B04 | M41: =IF(LEN(DEC2HEX(F41))=1,"0"&DEC2HEX(F41)&" 00",IF(LEN(DEC2HEX(F41))=2,DEC2HEX(F41)&" 00",IF(LEN(DEC2HEX(F41))=3,RIGHT(DEC2HEX(F41),2)&" 0"&LEFT(DEC2HEX(F41),1),IF(LEN(DEC2HEX(F41))=4,RIGHT(DEC2HEX(F41),2)&" "&LEFT(DEC2HEX(F41),2),"Error - Move ID too high"))))&" "&IF(LEN(DEC2HEX(I41))=1,"0"&DEC2HEX(I41),DEC2HEX(I41))&" "&IF(LEN(DEC2HEX(J41))=1,"0"&DEC2HEX(J41),DEC2HEX(J41)) -> BA 01 28 01
E42: 11 | F42: 401 | H42: =VLOOKUP(F42,Lookups!$D:$E,2,0) -> Aqua Tail | I42: 40 | J42: 1 | L42: =DEC2HEX(146144+((E42-1)*4)) -> 23B08 | M42: =IF(LEN(DEC2HEX(F42))=1,"0"&DEC2HEX(F42)&" 00",IF(LEN(DEC2HEX(F42))=2,DEC2HEX(F42)&" 00",IF(LEN(DEC2HEX(F42))=3,RIGHT(DEC2HEX(F42),2)&" 0"&LEFT(DEC2HEX(F42),1),IF(LEN(DEC2HEX(F42))=4,RIGHT(DEC2HEX(F42),2)&" "&LEFT(DEC2HEX(F42),2),"Error - Move ID too high"))))&" "&IF(LEN(DEC2HEX(I42))=1,"0"&DEC2HEX(I42),DEC2HEX(I42))&" "&IF(LEN(DEC2HEX(J42))=1,"0"&DEC2HEX(J42),DEC2HEX(J42)) -> 91 01 28 01
E43: 12 | F43: 466 | H43: =VLOOKUP(F43,Lookups!$D:$E,2,0) -> Ominous Wind | I43: 48 | J43: 0 | L43: =DEC2HEX(146144+((E43-1)*4)) -> 23B0C | M43: =IF(LEN(DEC2HEX(F43))=1,"0"&DEC2HEX(F43)&" 00",IF(LEN(DEC2HEX(F43))=2,DEC2HEX(F43)&" 00",IF(LEN(DEC2HEX(F43))=3,RIGHT(DEC2HEX(F43),2)&" 0"&LEFT(DEC2HEX(F43),1),IF(LEN(DEC2HEX(F43))=4,RIGHT(DEC2HEX(F43),2)&" "&LEFT(DEC2HEX(F43),2),"Error - Move ID too high"))))&" "&IF(LEN(DEC2HEX(I43))=1,"0"&DEC2HEX(I43),DEC2HEX(I43))&" "&IF(LEN(DEC2HEX(J43))=1,"0"&DEC2HEX(J43),DEC2HEX(J43)) -> D2 01 30 00
... E89: 58 | F89: 4096 | H89: =VLOOKUP(F89,Lookups!$D:$E,2,0) -> Unused | I89: 0 | J89: 0 | L89: =DEC2HEX(146144+((E89-1)*4)) -> 23BC4 | M89: =IF(LEN(DEC2HEX(F89))=1,"0"&DEC2HEX(F89)&" 00",IF(LEN(DEC2HEX(F89))=2,DEC2HEX(F89)&" 00",IF(LEN(DEC2HEX(F89))=3,RIGHT(DEC2HEX(F89),2)&" 0"&LEFT(DEC2HEX(F89),1),IF(LEN(DEC2HEX(F89))=4,RIGHT(DEC2HEX(F89),2)&" "&LEFT(DEC2HEX(F89),2),"Error - Move ID too high"))))&" "&IF(LEN(DEC2HEX(I89))=1,"0"&DEC2HEX(I89),DEC2HEX(I89))&" "&IF(LEN(DEC2HEX(J89))=1,"0"&DEC2HEX(J89),DEC2HEX(J89)) -> 00 10 00 00
C91: This section contains the entire Move Tutor block of Hex | L91: Offset
L92: =L32 -> 23AE0
C94: Hex
C95: =M32&" "&M33&" "&M34&" "&M35&" "&M36&" "&M37&" "&M38&" "&M39&" "&M40&" "&M41&" "&M42&" "&M43&" "&M44&" "&M45&" "&M46&" "&M47&" "&M48&" "&M49&" "&M50&" "&M51&" "&M52&" "&M53&" "&M54&" "&M55&" "&M56&" "&M57&" "&M58&" "&M59&" "&M60&" "&M61&" "&M62&" "&M63&" "&M64&" "&M65&" "&M66&" "&M67&" "&M68&" "&M69&" "&M70&" "&M71&" "&M72&" "&M73&" "&M74&" "&M75&" "&M76&" "&M77&" "&M78&" "&M79&" "&M80&" "&M81&" "&M82&" "&M83&" "&M84&" "&M85&" "&M86&" "&M87&" "&M88&" "&M89 -> 23 01 28 00 BD 00 20 01 D2 00 20 00 C4 00 30 00 CD 00 20 01 09 00 40 00 07 00 40 00 14 01 30 01 08 00 40 00 BA 01 28 01 91 01 28 01 D2 01 30 00 7C 01 20 01 AD 00 20 02 B4 00 28 02 3A 01 30 00 0E 01 28 02 1B 01 40 01 C8 00 30 01 F6 00 28 01 EB 00 28 02 44 01 28 01 AC 01 40 00 9A 01 30 00 9E 01 28 01 B9 01 20 01 EF 00 28 01 92 01 28 01 4E 01 28 01 89 01 28 02 83 01 30 02 54 01 20 01 0F 01 30 00 01 01 30 01 1A 01 28 00 85 01 28 00 81 00 28 02 FD 00 30 02 A2 00 28 01 DC 00 40 01 51 00 20 02 6E 01 30 02 64 01 20 02 84 01 20 02 15 01 20 02 10 01 30 02 D7 00 30 02 43 00 20 01 8F 00 40 01 4F 01 20 02 C2 01 20 00 1D 00 00 03 00 10 00 00 00 10 00 00 00 10 00 00 00 10 00 00 00 10 00 00 00 10 00 00

Sheet Platinum
B2: Platinum Version | L2: - | M2: Tutorable Moves (Pokémon Compatibility)
D5: ID (National Dex #): | E5: 1 | K5: Overlay 5
D6: =VLOOKUP(E5,Lookups!A:B,2,0) -> Bulbasaur | H6: Offset: | K6: =(DEC2HEX(((E5-1)*5)+196908)) -> 3012C | N6: Hex: | O6: =IF(LEN(BIN2HEX(SUBSTITUTE(SUBSTITUTE(E16&E15&E14&E13&E12&E11&E10&E9,"N",0),"Y",1)))=1,"0"&BIN2HEX(SUBSTITUTE(SUBSTITUTE(E16&E15&E14&E13&E12&E11&E10&E9,"N",0),"Y",1)),BIN2HEX(SUBSTITUTE(SUBSTITUTE(E16&E15&E14&E13&E12&E11&E10&E9,"N",0),"Y",1)))&" "&IF(LEN(BIN2HEX(SUBSTITUTE(SUBSTITUTE(E24&E23&E22&E21&E20&E19&E18&E17,"N",0),"Y",1)))=1,"0"&BIN2HEX(SUBSTITUTE(SUBSTITUTE(E24&E23&E22&E21&E20&E19&E18&E17,"N",0),"Y",1)),BIN2HEX(SUBSTITUTE(SUBSTITUTE(E24&E23&E22&E21&E20&E19&E18&E17,"N",0),"Y",1)))&" "&IF(LEN(BIN2HEX(SUBSTITUTE(SUBSTITUTE(K16&K15&K14&K13&K12&K11&K10&K9,"N",0),"Y",1)))=1,"0"&BIN2HEX(SUBSTITUTE(SUBSTITUTE(K16&K15&K14&K13&K12&K11&K10&K9,"N",0),"Y",1)),BIN2HEX(SUBSTITUTE(SUBSTITUTE(K16&K15&K14&K13&K12&K11&K10&K9,"N",0),"Y",1)))&" "&IF(LEN(BIN2HEX(SUBSTITUTE(SUBSTITUTE(K24&K23&K22&K21&K20&K19&K18&K17,"N",0),"Y",1)))=1,"0"&BIN2HEX(SUBSTITUTE(SUBSTITUTE(K24&K23&K22&K21&K20&K19&K18&K17,"N",0),"Y",1)),BIN2HEX(SUBSTITUTE(SUBSTITUTE(K24&K23&K22&K21&K20&K19&K18&K17,"N",0),"Y",1)))&" "&IF(LEN(BIN2HEX(SUBSTITUTE(SUBSTITUTE(O16&O15&O14&O13&O12&O11&O10&O9,"N",0),"Y",1)))=1,"0"&BIN2HEX(SUBSTITUTE(SUBSTITUTE(O16&O15&O14&O13&O12&O11&O10&O9,"N",0),"Y",1)),BIN2HEX(SUBSTITUTE(SUBSTITUTE(O16&O15&O14&O13&O12&O11&O10&O9,"N",0),"Y",1))) -> 00 00 00 00 00
C8: # | D8: Move Name | E8: Y/N | G8: # | H8: Move Name | K8: Y/N | M8: # | N8: Move Name | O8: Y/N
C9: 1 | D9: =VLOOKUP(C9,$C$31:$G$69,3,0) -> Dive | E9: N | G9: 17 | H9: =VLOOKUP(G9,$C$31:$G$69,3,0) -> Helping Hand | K9: N | M9: 33 | N9: =VLOOKUP(M9,$C$31:$G$69,3,0) -> Trick | O9: N
C10: 2 | D10: =VLOOKUP(C10,$C$31:$G$69,3,0) -> Mud-Slap | E10: N | G10: 18 | H10: =VLOOKUP(G10,$C$31:$G$69,3,0) -> Endeavor | K10: N | M10: 34 | N10: =VLOOKUP(M10,$C$31:$G$69,3,0) -> Heat Wave | O10: N
C11: 3 | D11: =VLOOKUP(C11,$C$31:$G$69,3,0) -> Fury Cutter | E11: N | G11: 19 | H11: =VLOOKUP(G11,$C$31:$G$69,3,0) -> Outrage | K11: N | M11: 35 | N11: =VLOOKUP(M11,$C$31:$G$69,3,0) -> Knock Off | O11: N
C12: 4 | D12: =VLOOKUP(C12,$C$31:$G$69,3,0) -> Icy Wind | E12: N | G12: 20 | H12: =VLOOKUP(G12,$C$31:$G$69,3,0) -> AncientPower | K12: N | M12: 36 | N12: =VLOOKUP(M12,$C$31:$G$69,3,0) -> Sucker Punch | O12: N
C13: 5 | D13: =VLOOKUP(C13,$C$31:$G$69,3,0) -> Rollout | E13: N | G13: 21 | H13: =VLOOKUP(G13,$C$31:$G$69,3,0) -> Synthesis | K13: N | M13: 37 | N13: =VLOOKUP(M13,$C$31:$G$69,3,0) -> Swift | O13: N
C14: 6 | D14: =VLOOKUP(C14,$C$31:$G$69,3,0) -> ThunderPunch | E14: N | G14: 22 | H14: =VLOOKUP(G14,$C$31:$G$69,3,0) -> Signal Beam | K14: N | M14: 38 | N14: =VLOOKUP(M14,$C$31:$G$69,3,0) -> Uproar | O14: N
C15: 7 | D15: =VLOOKUP(C15,$C$31:$G$69,3,0) -> Fire Punch | E15: N | G15: 23 | H15: =VLOOKUP(G15,$C$31:$G$69,3,0) -> Zen Headbutt | K15: N
C16: 8 | D16: =VLOOKUP(C16,$C$31:$G$69,3,0) -> Superpower | E16: N | G16: 24 | H16: =VLOOKUP(G16,$C$31:$G$69,3,0) -> Vacuum Wave | K16: N
C17: 9 | D17: =VLOOKUP(C17,$C$31:$G$69,3,0) -> Ice Punch | E17: N | G17: 25 | H17: =VLOOKUP(G17,$C$31:$G$69,3,0) -> Earth Power | K17: N
C18: 10 | D18: =VLOOKUP(C18,$C$31:$G$69,3,0) -> Iron Head | E18: N | G18: 26 | H18: =VLOOKUP(G18,$C$31:$G$69,3,0) -> Gunk Shot | K18: N
C19: 11 | D19: =VLOOKUP(C19,$C$31:$G$69,3,0) -> Aqua Tail | E19: N | G19: 27 | H19: =VLOOKUP(G19,$C$31:$G$69,3,0) -> Twister | K19: N
C20: 12 | D20: =VLOOKUP(C20,$C$31:$G$69,3,0) -> Ominous Wind | E20: N | G20: 28 | H20: =VLOOKUP(G20,$C$31:$G$69,3,0) -> Seed Bomb | K20: N
C21: 13 | D21: =VLOOKUP(C21,$C$31:$G$69,3,0) -> Gastro Acid | E21: N | G21: 29 | H21: =VLOOKUP(G21,$C$31:$G$69,3,0) -> Iron Defense | K21: N
C22: 14 | D22: =VLOOKUP(C22,$C$31:$G$69,3,0) -> Snore | E22: N | G22: 30 | H22: =VLOOKUP(G22,$C$31:$G$69,3,0) -> Magnet Rise | K22: N
C23: 15 | D23: =VLOOKUP(C23,$C$31:$G$69,3,0) -> Spite | E23: N | G23: 31 | H23: =VLOOKUP(G23,$C$31:$G$69,3,0) -> Last Resort | K23: N
C24: 16 | D24: =VLOOKUP(C24,$C$31:$G$69,3,0) -> Air Cutter | E24: N | G24: 32 | H24: =VLOOKUP(G24,$C$31:$G$69,3,0) -> Bounce | K24: N
B27: Platinum Version | L27: - | M27: Tutorable Moves (incl. Costs & Tutor IDs)
H30: ↓ Shards Price ↓ | N30: Overlay 5
C31: # | D31: Move ID | E31: Move Name | H31: Red | I31: Blue | J31: Yellow | K31: Green | L31: Tutor ID | N31: Offset | O31: Hex
C32: 1 | D32: 291 | E32: =VLOOKUP(D32,Lookups!$D:$E,2,0) -> Dive | H32: 2 | I32: 4 | J32: 2 | K32: 0 | L32: 0 | N32: =DEC2HEX(196452+(($C32-1)*12)) -> 2FF64 | O32: =IF(LEN(DEC2HEX($D32))=1,"0"&DEC2HEX($D32)&" 00",IF(LEN(DEC2HEX($D32))=2,DEC2HEX($D32)&" 00",IF(LEN(DEC2HEX($D32))=3,RIGHT(DEC2HEX($D32),2)&" 0"&LEFT(DEC2HEX($D32),1),IF(LEN(DEC2HEX($D32))=4,RIGHT(DEC2HEX($D32),2)&" "&LEFT(DEC2HEX($D32),2),"Error - Move ID too high"))))&" "&IF(LEN(DEC2HEX(H32))=1,"0"&DEC2HEX(H32),DEC2HEX(H32))&" "&IF(LEN(DEC2HEX(I32))=1,"0"&DEC2HEX(I32),DEC2HEX(I32))&" "&IF(LEN(DEC2HEX(J32))=1,"0"&DEC2HEX(J32),DEC2HEX(J32))&" "&IF(LEN(DEC2HEX(K32))=1,"0"&DEC2HEX(K32),DEC2HEX(K32))&" 00 00 "&IF(LEN(DEC2HEX(L32))=1,"0"&DEC2HEX(L32),DEC2HEX(L32))&" 00 00 00" -> 23 01 02 04 02 00 00 00 00 00 00 00
C33: 2 | D33: 189 | E33: =VLOOKUP(D33,Lookups!$D:$E,2,0) -> Mud-Slap | H33: 4 | I33: 4 | J33: 0 | K33: 0 | L33: 1 | N33: =DEC2HEX(196452+(($C33-1)*12)) -> 2FF70 | O33: =IF(LEN(DEC2HEX($D33))=1,"0"&DEC2HEX($D33)&" 00",IF(LEN(DEC2HEX($D33))=2,DEC2HEX($D33)&" 00",IF(LEN(DEC2HEX($D33))=3,RIGHT(DEC2HEX($D33),2)&" 0"&LEFT(DEC2HEX($D33),1),IF(LEN(DEC2HEX($D33))=4,RIGHT(DEC2HEX($D33),2)&" "&LEFT(DEC2HEX($D33),2),"Error - Move ID too high"))))&" "&IF(LEN(DEC2HEX(H33))=1,"0"&DEC2HEX(H33),DEC2HEX(H33))&" "&IF(LEN(DEC2HEX(I33))=1,"0"&DEC2HEX(I33),DEC2HEX(I33))&" "&IF(LEN(DEC2HEX(J33))=1,"0"&DEC2HEX(J33),DEC2HEX(J33))&" "&IF(LEN(DEC2HEX(K33))=1,"0"&DEC2HEX(K33),DEC2HEX(K33))&" 00 00 "&IF(LEN(DEC2HEX(L33))=1,"0"&DEC2HEX(L33),DEC2HEX(L33))&" 00 00 00" -> BD 00 04 04 00 00 00 00 01 00 00 00
C34: 3 | D34: 210 | E34: =VLOOKUP(D34,Lookups!$D:$E,2,0) -> Fury Cutter | H34: 0 | I34: 8 | J34: 0 | K34: 0 | L34: 0 | N34: =DEC2HEX(196452+(($C34-1)*12)) -> 2FF7C | O34: =IF(LEN(DEC2HEX($D34))=1,"0"&DEC2HEX($D34)&" 00",IF(LEN(DEC2HEX($D34))=2,DEC2HEX($D34)&" 00",IF(LEN(DEC2HEX($D34))=3,RIGHT(DEC2HEX($D34),2)&" 0"&LEFT(DEC2HEX($D34),1),IF(LEN(DEC2HEX($D34))=4,RIGHT(DEC2HEX($D34),2)&" "&LEFT(DEC2HEX($D34),2),"Error - Move ID too high"))))&" "&IF(LEN(DEC2HEX(H34))=1,"0"&DEC2HEX(H34),DEC2HEX(H34))&" "&IF(LEN(DEC2HEX(I34))=1,"0"&DEC2HEX(I34),DEC2HEX(I34))&" "&IF(LEN(DEC2HEX(J34))=1,"0"&DEC2HEX(J34),DEC2HEX(J34))&" "&IF(LEN(DEC2HEX(K34))=1,"0"&DEC2HEX(K34),DEC2HEX(K34))&" 00 00 "&IF(LEN(DEC2HEX(L34))=1,"0"&DEC2HEX(L34),DEC2HEX(L34))&" 00 00 00" -> D2 00 00 08 00 00 00 00 00 00 00 00
C35: 4 | D35: 196 | E35: =VLOOKUP(D35,Lookups!$D:$E,2,0) -> Icy Wind | H35: 0 | I35: 6 | J35: 0 | K35: 2 | L35: 0 | N35: =DEC2HEX(196452+(($C35-1)*12)) -> 2FF88 | O35: =IF(LEN(DEC2HEX($D35))=1,"0"&DEC2HEX($D35)&" 00",IF(LEN(DEC2HEX($D35))=2,DEC2HEX($D35)&" 00",IF(LEN(DEC2HEX($D35))=3,RIGHT(DEC2HEX($D35),2)&" 0"&LEFT(DEC2HEX($D35),1),IF(LEN(DEC2HEX($D35))=4,RIGHT(DEC2HEX($D35),2)&" "&LEFT(DEC2HEX($D35),2),"Error - Move ID too high"))))&" "&IF(LEN(DEC2HEX(H35))=1,"0"&DEC2HEX(H35),DEC2HEX(H35))&" "&IF(LEN(DEC2HEX(I35))=1,"0"&DEC2HEX(I35),DEC2HEX(I35))&" "&IF(LEN(DEC2HEX(J35))=1,"0"&DEC2HEX(J35),DEC2HEX(J35))&" "&IF(LEN(DEC2HEX(K35))=1,"0"&DEC2HEX(K35),DEC2HEX(K35))&" 00 00 "&IF(LEN(DEC2HEX(L35))=1,"0"&DEC2HEX(L35),DEC2HEX(L35))&" 00 00 00" -> C4 00 00 06 00 02 00 00 00 00 00 00
C36: 5 | D36: 205 | E36: =VLOOKUP(D36,Lookups!$D:$E,2,0) -> Rollout | H36: 4 | I36: 2 | J36: 0 | K36: 2 | L36: 1 | N36: =DEC2HEX(196452+(($C36-1)*12)) -> 2FF94 | O36: =IF(LEN(DEC2HEX($D36))=1,"0"&DEC2HEX($D36)&" 00",IF(LEN(DEC2HEX($D36))=2,DEC2HEX($D36)&" 00",IF(LEN(DEC2HEX($D36))=3,RIGHT(DEC2HEX($D36),2)&" 0"&LEFT(DEC2HEX($D36),1),IF(LEN(DEC2HEX($D36))=4,RIGHT(DEC2HEX($D36),2)&" "&LEFT(DEC2HEX($D36),2),"Error - Move ID too high"))))&" "&IF(LEN(DEC2HEX(H36))=1,"0"&DEC2HEX(H36),DEC2HEX(H36))&" "&IF(LEN(DEC2HEX(I36))=1,"0"&DEC2HEX(I36),DEC2HEX(I36))&" "&IF(LEN(DEC2HEX(J36))=1,"0"&DEC2HEX(J36),DEC2HEX(J36))&" "&IF(LEN(DEC2HEX(K36))=1,"0"&DEC2HEX(K36),DEC2HEX(K36))&" 00 00 "&IF(LEN(DEC2HEX(L36))=1,"0"&DEC2HEX(L36),DEC2HEX(L36))&" 00 00 00" -> CD 00 04 02 00 02 00 00 01 00 00 00
C37: 6 | D37: 9 | E37: =VLOOKUP(D37,Lookups!$D:$E,2,0) -> ThunderPunch | H37: 2 | I37: 6 | J37: 0 | K37: 0 | L37: 0 | N37: =DEC2HEX(196452+(($C37-1)*12)) -> 2FFA0 | O37: =IF(LEN(DEC2HEX($D37))=1,"0"&DEC2HEX($D37)&" 00",IF(LEN(DEC2HEX($D37))=2,DEC2HEX($D37)&" 00",IF(LEN(DEC2HEX($D37))=3,RIGHT(DEC2HEX($D37),2)&" 0"&LEFT(DEC2HEX($D37),1),IF(LEN(DEC2HEX($D37))=4,RIGHT(DEC2HEX($D37),2)&" "&LEFT(DEC2HEX($D37),2),"Error - Move ID too high"))))&" "&IF(LEN(DEC2HEX(H37))=1,"0"&DEC2HEX(H37),DEC2HEX(H37))&" "&IF(LEN(DEC2HEX(I37))=1,"0"&DEC2HEX(I37),DEC2HEX(I37))&" "&IF(LEN(DEC2HEX(J37))=1,"0"&DEC2HEX(J37),DEC2HEX(J37))&" "&IF(LEN(DEC2HEX(K37))=1,"0"&DEC2HEX(K37),DEC2HEX(K37))&" 00 00 "&IF(LEN(DEC2HEX(L37))=1,"0"&DEC2HEX(L37),DEC2HEX(L37))&" 00 00 00" -> 09 00 02 06 00 00 00 00 00 00 00 00
C38: 7 | D38: 7 | E38: =VLOOKUP(D38,Lookups!$D:$E,2,0) -> Fire Punch | H38: 2 | I38: 6 | J38: 0 | K38: 0 | L38: 0 | N38: =DEC2HEX(196452+(($C38-1)*12)) -> 2FFAC | O38: =IF(LEN(DEC2HEX($D38))=1,"0"&DEC2HEX($D38)&" 00",IF(LEN(DEC2HEX($D38))=2,DEC2HEX($D38)&" 00",IF(LEN(DEC2HEX($D38))=3,RIGHT(DEC2HEX($D38),2)&" 0"&LEFT(DEC2HEX($D38),1),IF(LEN(DEC2HEX($D38))=4,RIGHT(DEC2HEX($D38),2)&" "&LEFT(DEC2HEX($D38),2),"Error - Move ID too high"))))&" "&IF(LEN(DEC2HEX(H38))=1,"0"&DEC2HEX(H38),DEC2HEX(H38))&" "&IF(LEN(DEC2HEX(I38))=1,"0"&DEC2HEX(I38),DEC2HEX(I38))&" "&IF(LEN(DEC2HEX(J38))=1,"0"&DEC2HEX(J38),DEC2HEX(J38))&" "&IF(LEN(DEC2HEX(K38))=1,"0"&DEC2HEX(K38),DEC2HEX(K38))&" 00 00 "&IF(LEN(DEC2HEX(L38))=1,"0"&DEC2HEX(L38),DEC2HEX(L38))&" 00 00 00" -> 07 00 02 06 00 00 00 00 00 00 00 00
C39: 8 | D39: 276 | E39: =VLOOKUP(D39,Lookups!$D:$E,2,0) -> Superpower | H39: 8 | I39: 0 | J39: 0 | K39: 0 | L39: 1 | N39: =DEC2HEX(196452+(($C39-1)*12)) -> 2FFB8 | O39: =IF(LEN(DEC2HEX($D39))=1,"0"&DEC2HEX($D39)&" 00",IF(LEN(DEC2HEX($D39))=2,DEC2HEX($D39)&" 00",IF(LEN(DEC2HEX($D39))=3,RIGHT(DEC2HEX($D39),2)&" 0"&LEFT(DEC2HEX($D39),1),IF(LEN(DEC2HEX($D39))=4,RIGHT(DEC2HEX($D39),2)&" "&LEFT(DEC2HEX($D39),2),"Error - Move ID too high"))))&" "&IF(LEN(DEC2HEX(H39))=1,"0"&DEC2HEX(H39),DEC2HEX(H39))&" "&IF(LEN(DEC2HEX(I39))=1,"0"&DEC2HEX(I39),DEC2HEX(I39))&" "&IF(LEN(DEC2HEX(J39))=1,"0"&DEC2HEX(J39),DEC2HEX(J39))&" "&IF(LEN(DEC2HEX(K39))=1,"0"&DEC2HEX(K39),DEC2HEX(K39))&" 00 00 "&IF(LEN(DEC2HEX(L39))=1,"0"&DEC2HEX(L39),DEC2HEX(L39))&" 00 00 00" -> 14 01 08 00 00 00 00 00 01 00 00 00
C40: 9 | D40: 8 | E40: =VLOOKUP(D40,Lookups!$D:$E,2,0) -> Ice Punch | H40: 2 | I40: 6 | J40: 0 | K40: 0 | L40: 0 | N40: =DEC2HEX(196452+(($C40-1)*12)) -> 2FFC4 | O40: =IF(LEN(DEC2HEX($D40))=1,"0"&DEC2HEX($D40)&" 00",IF(LEN(DEC2HEX($D40))=2,DEC2HEX($D40)&" 00",IF(LEN(DEC2HEX($D40))=3,RIGHT(DEC2HEX($D40),2)&" 0"&LEFT(DEC2HEX($D40),1),IF(LEN(DEC2HEX($D40))=4,RIGHT(DEC2HEX($D40),2)&" "&LEFT(DEC2HEX($D40),2),"Error - Move ID too high"))))&" "&IF(LEN(DEC2HEX(H40))=1,"0"&DEC2HEX(H40),DEC2HEX(H40))&" "&IF(LEN(DEC2HEX(I40))=1,"0"&DEC2HEX(I40),DEC2HEX(I40))&" "&IF(LEN(DEC2HEX(J40))=1,"0"&DEC2HEX(J40),DEC2HEX(J40))&" "&IF(LEN(DEC2HEX(K40))=1,"0"&DEC2HEX(K40),DEC2HEX(K40))&" 00 00 "&IF(LEN(DEC2HEX(L40))=1,"0"&DEC2HEX(L40),DEC2HEX(L40))&" 00 00 00" -> 08 00 02 06 00 00 00 00 00 00 00 00
C41: 10 | D41: 442 | E41: =VLOOKUP(D41,Lookups!$D:$E,2,0) -> Iron Head | H41: 6 | I41: 0 | J41: 2 | K41: 0 | L41: 1 | N41: =DEC2HEX(196452+(($C41-1)*12)) -> 2FFD0 | O41: =IF(LEN(DEC2HEX($D41))=1,"0"&DEC2HEX($D41)&" 00",IF(LEN(DEC2HEX($D41))=2,DEC2HEX($D41)&" 00",IF(LEN(DEC2HEX($D41))=3,RIGHT(DEC2HEX($D41),2)&" 0"&LEFT(DEC2HEX($D41),1),IF(LEN(DEC2HEX($D41))=4,RIGHT(DEC2HEX($D41),2)&" "&LEFT(DEC2HEX($D41),2),"Error - Move ID too high"))))&" "&IF(LEN(DEC2HEX(H41))=1,"0"&DEC2HEX(H41),DEC2HEX(H41))&" "&IF(LEN(DEC2HEX(I41))=1,"0"&DEC2HEX(I41),DEC2HEX(I41))&" "&IF(LEN(DEC2HEX(J41))=1,"0"&DEC2HEX(J41),DEC2HEX(J41))&" "&IF(LEN(DEC2HEX(K41))=1,"0"&DEC2HEX(K41),DEC2HEX(K41))&" 00 00 "&IF(LEN(DEC2HEX(L41))=1,"0"&DEC2HEX(L41),DEC2HEX(L41))&" 00 00 00" -> BA 01 06 00 02 00 00 00 01 00 00 00
C42: 11 | D42: 401 | E42: =VLOOKUP(D42,Lookups!$D:$E,2,0) -> Aqua Tail | H42: 6 | I42: 0 | J42: 0 | K42: 2 | L42: 1 | N42: =DEC2HEX(196452+(($C42-1)*12)) -> 2FFDC | O42: =IF(LEN(DEC2HEX($D42))=1,"0"&DEC2HEX($D42)&" 00",IF(LEN(DEC2HEX($D42))=2,DEC2HEX($D42)&" 00",IF(LEN(DEC2HEX($D42))=3,RIGHT(DEC2HEX($D42),2)&" 0"&LEFT(DEC2HEX($D42),1),IF(LEN(DEC2HEX($D42))=4,RIGHT(DEC2HEX($D42),2)&" "&LEFT(DEC2HEX($D42),2),"Error - Move ID too high"))))&" "&IF(LEN(DEC2HEX(H42))=1,"0"&DEC2HEX(H42),DEC2HEX(H42))&" "&IF(LEN(DEC2HEX(I42))=1,"0"&DEC2HEX(I42),DEC2HEX(I42))&" "&IF(LEN(DEC2HEX(J42))=1,"0"&DEC2HEX(J42),DEC2HEX(J42))&" "&IF(LEN(DEC2HEX(K42))=1,"0"&DEC2HEX(K42),DEC2HEX(K42))&" 00 00 "&IF(LEN(DEC2HEX(L42))=1,"0"&DEC2HEX(L42),DEC2HEX(L42))&" 00 00 00" -> 91 01 06 00 00 02 00 00 01 00 00 00
C43: 12 | D43: 466 | E43: =VLOOKUP(D43,Lookups!$D:$E,2,0) -> Ominous Wind | H43: 0 | I43: 6 | J43: 0 | K43: 2 | L43: 0 | N43: =DEC2HEX(196452+(($C43-1)*12)) -> 2FFE8 | O43: =IF(LEN(DEC2HEX($D43))=1,"0"&DEC2HEX($D43)&" 00",IF(LEN(DEC2HEX($D43))=2,DEC2HEX($D43)&" 00",IF(LEN(DEC2HEX($D43))=3,RIGHT(DEC2HEX($D43),2)&" 0"&LEFT(DEC2HEX($D43),1),IF(LEN(DEC2HEX($D43))=4,RIGHT(DEC2HEX($D43),2)&" "&LEFT(DEC2HEX($D43),2),"Error - Move ID too high"))))&" "&IF(LEN(DEC2HEX(H43))=1,"0"&DEC2HEX(H43),DEC2HEX(H43))&" "&IF(LEN(DEC2HEX(I43))=1,"0"&DEC2HEX(I43),DEC2HEX(I43))&" "&IF(LEN(DEC2HEX(J43))=1,"0"&DEC2HEX(J43),DEC2HEX(J43))&" "&IF(LEN(DEC2HEX(K43))=1,"0"&DEC2HEX(K43),DEC2HEX(K43))&" 00 00 "&IF(LEN(DEC2HEX(L43))=1,"0"&DEC2HEX(L43),DEC2HEX(L43))&" 00 00 00" -> D2 01 00 06 00 02 00 00 00 00 00 00
... C69: 38 | D69: 253 | E69: =VLOOKUP(D69,Lookups!$D:$E,2,0) -> Uproar | H69: 0 | I69: 0 | J69: 6 | K69: 2 | L69: 2 | N69: =DEC2HEX(196452+(($C69-1)*12)) -> 30120 | O69: =IF(LEN(DEC2HEX($D69))=1,"0"&DEC2HEX($D69)&" 00",IF(LEN(DEC2HEX($D69))=2,DEC2HEX($D69)&" 00",IF(LEN(DEC2HEX($D69))=3,RIGHT(DEC2HEX($D69),2)&" 0"&LEFT(DEC2HEX($D69),1),IF(LEN(DEC2HEX($D69))=4,RIGHT(DEC2HEX($D69),2)&" "&LEFT(DEC2HEX($D69),2),"Error - Move ID too high"))))&" "&IF(LEN(DEC2HEX(H69))=1,"0"&DEC2HEX(H69),DEC2HEX(H69))&" "&IF(LEN(DEC2HEX(I69))=1,"0"&DEC2HEX(I69),DEC2HEX(I69))&" "&IF(LEN(DEC2HEX(J69))=1,"0"&DEC2HEX(J69),DEC2HEX(J69))&" "&IF(LEN(DEC2HEX(K69))=1,"0"&DEC2HEX(K69),DEC2HEX(K69))&" 00 00 "&IF(LEN(DEC2HEX(L69))=1,"0"&DEC2HEX(L69),DEC2HEX(L69))&" 00 00 00" -> FD 00 00 00 06 02 00 00 02 00 00 00
C71: This section contains the entire Move Tutor block of Hex | N71: Offset
N72: =N32 -> 2FF64
C74: Hex
C75: =O32&" "&O33&" "&O34&" "&O35&" "&O36&" "&O37&" "&O38&" "&O39&" "&O40&" "&O41&" "&O42&" "&O43&" "&O44&" "&O45&" "&O46&" "&O47&" "&O48&" "&O49&" "&O50&" "&O51&" "&O52&" "&O53&" "&O54&" "&O55&" "&O56&" "&O57&" "&O58&" "&O59&" "&O60&" "&O61&" "&O62&" "&O63&" "&O64&" "&O65&" "&O66&" "&O67&" "&O68&" "&O69 -> 23 01 02 04 02 00 00 00 00 00 00 00 BD 00 04 04 00 00 00 00 01 00 00 00 D2 00 00 08 00 00 00 00 00 00 00 00 C4 00 00 06 00 02 00 00 00 00 00 00 CD 00 04 02 00 02 00 00 01 00 00 00 09 00 02 06 00 00 00 00 00 00 00 00 07 00 02 06 00 00 00 00 00 00 00 00 14 01 08 00 00 00 00 00 01 00 00 00 08 00 02 06 00 00 00 00 00 00 00 00 BA 01 06 00 02 00 00 00 01 00 00 00 91 01 06 00 00 02 00 00 01 00 00 00 D2 01 00 06 00 02 00 00 00 00 00 00 7C 01 04 00 02 02 00 00 01 00 00 00 AD 00 02 00 04 02 00 00 02 00 00 00 B4 00 00 00 08 00 00 00 02 00 00 00 3A 01 02 04 00 02 00 00 00 00 00 00 0E 01 02 00 04 02 00 00 02 00 00 00 1B 01 04 00 04 00 00 00 01 00 00 00 C8 00 06 00 02 00 00 00 01 00 00 00 F6 00 06 00 00 02 00 00 01 00 00 00 EB 00 00 00 02 06 00 00 02 00 00 00 44 01 02 02 02 02 00 00 01 00 00 00 AC 01 00 04 04 00 00 00 00 00 00 00 9A 01 02 04 00 02 00 00 00 00 00 00 9E 01 06 00 00 02 00 00 01 00 00 00 B9 01 04 02 00 02 00 00 01 00 00 00 EF 00 06 00 00 02 00 00 01 00 00 00 92 01 04 00 00 04 00 00 01 00 00 00 4E 01 04 02 02 00 00 00 01 00 00 00 89 01 00 02 04 02 00 00 02 00 00 00 83 01 00 00 00 08 00 00 02 00 00 00 54 01 04 00 02 02 00 00 01 00 00 00 0F 01 00 04 04 00 00 00 00 00 00 00 01 01 04 02 00 02 00 00 01 00 00 00 1A 01 04 04 00 00 00 00 00 00 00 00 85 01 00 06 02 00 00 00 00 00 00 00 81 00 00 02 02 04 00 00 02 00 00 00 FD 00 00 00 06 02 00 00 02 00 00 00

Sheet Lookups
A1: Dex ID | B1: Name (Vanilla) | D1: Move ID | E1: Move Name
A2: 1 | B2: Bulbasaur | D2: 4096 | E2: Unused
A3: 2 | B3: Ivysaur | D3: 1 | E3: Pound
A4: 3 | B4: Venusaur | D4: 2 | E4: Karate Chop
A5: 4 | B5: Charmander | D5: 3 | E5: DoubleSlap
A6: 5 | B6: Charmeleon | D6: 4 | E6: Comet Punch
A7: 6 | B7: Charizard | D7: 5 | E7: Mega Punch
A8: 7 | B8: Squirtle | D8: 6 | E8: Pay Day
A9: 8 | B9: Wartortle | D9: 7 | E9: Fire Punch
A10: 9 | B10: Blastoise | D10: 8 | E10: Ice Punch
A11: 10 | B11: Caterpie | D11: 9 | E11: ThunderPunch
A12: 11 | B12: Metapod | D12: 10 | E12: Scratch
A13: 12 | B13: Butterfree | D13: 11 | E13: ViceGrip
... A469: 468 | B469: Togekiss | D469: 467 | E469: Shadow Force
A470: 469 | B470: Yanmega
A471: 470 | B471: Leafeon
A472: 471 | B472: Glaceon
A473: 472 | B473: Gliscor
A474: 473 | B474: Mamoswine
A475: 474 | B475: Porygon-Z
A476: 475 | B476: Gallade
A477: 476 | B477: Probopass
A478: 477 | B478: Dusknoir
A479: 478 | B479: Froslass
A480: 479 | B480: Rotom
A481: 480 | B481: Uxie
... A506: 505 | B506: Rotom (MOW)

Sheet Password
A1: SunfloraOrBust
